{
  "logistic": {
    "precision": 0.055076310550763105,
    "recall": 0.8736842105263158,
    "f1_score": 0.10362047440699126,
    "roc_auc": 0.9614653524952874,
    "confusion_matrix": [
      [
        55227,
        1424
      ],
      [
        12,
        83
      ]
    ]
  },
  "random_forest": {
    "precision": 0.8860759493670886,
    "recall": 0.7368421052631579,
    "f1_score": 0.8045977011494253,
    "roc_auc": 0.9571590226028434,
    "confusion_matrix": [
      [
        56642,
        9
      ],
      [
        25,
        70
      ]
    ]
  },
  "xgboost": {
    "precision": 0.9733333333333334,
    "recall": 0.7684210526315789,
    "f1_score": 0.8588235294117647,
    "roc_auc": 0.9728787246752739,
    "confusion_matrix": [
      [
        56649,
        2
      ],
      [
        22,
        73
      ]
    ]
  }
}